<?xml version="1.0" encoding="GBK"?>
<table name="tdate">
<tableName>tdate</tableName>
<schema>0</schema>
<lockGranularity>R</lockGranularity>
<primaryKey>
<primaryColumnName>id</primaryColumnName>
</primaryKey>
<columnDescriptorList>
<columnDescriptor>
<columnName>primary_key</columnName>
<columnPosition>0</columnPosition>
<DataTypeDescriptor>
<typeId>322</typeId>
<precision>-1</precision>
<scale>-1</scale>
<isNullable>false</isNullable>
<isPrimaryKey>false</isPrimaryKey>
</DataTypeDescriptor>
<autoincStart>0</autoincStart>
<autoincInc>false</autoincInc>
<autoincValue>0</autoincValue>
<Unique>true</Unique>
</columnDescriptor>
<columnDescriptor>
<columnName>id</columnName>
<columnPosition>1</columnPosition>
<DataTypeDescriptor>
<typeId>113</typeId>
<precision>-1</precision>
<scale>-1</scale>
<isNullable>true</isNullable>
<isPrimaryKey>true</isPrimaryKey>
</DataTypeDescriptor>
<autoincStart>0</autoincStart>
<autoincInc>false</autoincInc>
<autoincValue>0</autoincValue>
<Unique>false</Unique>
</columnDescriptor>
<columnDescriptor>
<columnName>td</columnName>
<columnPosition>2</columnPosition>
<DataTypeDescriptor>
<typeId>245</typeId>
<precision>-1</precision>
<scale>-1</scale>
<isNullable>true</isNullable>
<isPrimaryKey>false</isPrimaryKey>
</DataTypeDescriptor>
<autoincStart>0</autoincStart>
<autoincInc>false</autoincInc>
<autoincValue>0</autoincValue>
<Unique>false</Unique>
</columnDescriptor>
<columnDescriptor>
<columnName>tt</columnName>
<columnPosition>3</columnPosition>
<DataTypeDescriptor>
<typeId>308</typeId>
<precision>-1</precision>
<scale>-1</scale>
<isNullable>true</isNullable>
<isPrimaryKey>false</isPrimaryKey>
</DataTypeDescriptor>
<autoincStart>0</autoincStart>
<autoincInc>false</autoincInc>
<autoincValue>0</autoincValue>
<Unique>false</Unique>
</columnDescriptor>
<columnDescriptor>
<columnName>tts</columnName>
<columnPosition>4</columnPosition>
<DataTypeDescriptor>
<typeId>309</typeId>
<precision>-1</precision>
<scale>-1</scale>
<isNullable>true</isNullable>
<isPrimaryKey>false</isPrimaryKey>
</DataTypeDescriptor>
<autoincStart>0</autoincStart>
<autoincInc>false</autoincInc>
<autoincValue>0</autoincValue>
<Unique>false</Unique>
</columnDescriptor>
<columnDescriptor>
<columnName>yyyy</columnName>
<columnPosition>5</columnPosition>
<DataTypeDescriptor>
<typeId>219</typeId>
<precision>-1</precision>
<scale>-1</scale>
<isNullable>true</isNullable>
<isPrimaryKey>false</isPrimaryKey>
</DataTypeDescriptor>
<autoincStart>0</autoincStart>
<autoincInc>false</autoincInc>
<autoincValue>0</autoincValue>
<Unique>false</Unique>
</columnDescriptor>
</columnDescriptorList>
</table>
