<?xml version="1.0" encoding="GBK"?>
<table name="tdate">
<entity>
<td>'2019-01-01'</td>
<tt>'12:11:01'</tt>
<tts>'2020-10-10 11:11:11.0'</tts>
<yyyy>'2011'</yyyy>
<id>1</id>
<primary_key>id:1</primary_key>
</entity>
<entity>
<td>'2012-01-01'</td>
<tt>'12:11:01'</tt>
<tts>'2020-10-10 11:11:11.0'</tts>
<yyyy>'2011'</yyyy>
<id>2</id>
<primary_key>id:2</primary_key>
</entity>
<entity>
<td>'2022-01-02'</td>
<tt>'12:11:01'</tt>
<tts>'2020-10-10 11:11:11.0'</tts>
<yyyy>'2011'</yyyy>
<id>10</id>
<primary_key>id:10</primary_key>
</entity>
</table>
