<?xml version="1.0" encoding="GBK"?>
<table name="tnum">
<entity>
<id>1</id>
<primary_key>id:1</primary_key>
<ddo>1.1</ddo>
<iin>00000001</iin>
</entity>
<entity>
<id>2</id>
<primary_key>id:2</primary_key>
<ddo>1234567.33</ddo>
<iin>00000002</iin>
</entity>
<entity>
<id>3</id>
<primary_key>id:3</primary_key>
<ddo>123.46</ddo>
<iin>00000003</iin>
</entity>
<entity>
<id>4</id>
<primary_key>id:4</primary_key>
<ddo>123.23</ddo>
<iin>00000004</iin>
</entity>
<entity>
<dde>1.1</dde>
<id>5</id>
<primary_key>id:5</primary_key>
<ddo>1.2</ddo>
<iin>00000005</iin>
</entity>
<entity>
<dde>1.1</dde>
<id>6</id>
<primary_key>id:6</primary_key>
<ddo>1.4</ddo>
<iin>00000006</iin>
</entity>
</table>
