<?xml version="1.0" encoding="GBK"?>
<table name="tnum">
<tableName>tnum</tableName>
<schema>0</schema>
<lockGranularity>R</lockGranularity>
<primaryKey>
<primaryColumnName>id</primaryColumnName>
</primaryKey>
<columnDescriptorList>
<columnDescriptor>
<columnName>primary_key</columnName>
<columnPosition>0</columnPosition>
<DataTypeDescriptor>
<typeId>322</typeId>
<precision>-1</precision>
<scale>-1</scale>
<isNullable>false</isNullable>
<isPrimaryKey>false</isPrimaryKey>
</DataTypeDescriptor>
<autoincStart>0</autoincStart>
<autoincInc>false</autoincInc>
<autoincValue>0</autoincValue>
<Unique>true</Unique>
</columnDescriptor>
<columnDescriptor>
<columnName>id</columnName>
<columnPosition>1</columnPosition>
<DataTypeDescriptor>
<typeId>113</typeId>
<precision>-1</precision>
<scale>-1</scale>
<isNullable>true</isNullable>
<isPrimaryKey>true</isPrimaryKey>
</DataTypeDescriptor>
<autoincStart>0</autoincStart>
<autoincInc>false</autoincInc>
<autoincValue>0</autoincValue>
<Unique>false</Unique>
</columnDescriptor>
<columnDescriptor>
<columnName>dde</columnName>
<columnPosition>2</columnPosition>
<DataTypeDescriptor>
<typeId>64</typeId>
<precision>2</precision>
<scale>10</scale>
<isNullable>true</isNullable>
<isPrimaryKey>false</isPrimaryKey>
</DataTypeDescriptor>
<autoincStart>0</autoincStart>
<autoincInc>false</autoincInc>
<autoincValue>0</autoincValue>
<Unique>false</Unique>
</columnDescriptor>
<columnDescriptor>
<columnName>ddo</columnName>
<columnPosition>3</columnPosition>
<DataTypeDescriptor>
<typeId>75</typeId>
<precision>2</precision>
<scale>10</scale>
<isNullable>false</isNullable>
<isPrimaryKey>false</isPrimaryKey>
</DataTypeDescriptor>
<autoincStart>0</autoincStart>
<autoincInc>false</autoincInc>
<autoincValue>0</autoincValue>
<Unique>false</Unique>
</columnDescriptor>
<columnDescriptor>
<columnName>fflo</columnName>
<columnPosition>4</columnPosition>
<DataTypeDescriptor>
<typeId>89</typeId>
<precision>2</precision>
<scale>7</scale>
<isNullable>true</isNullable>
<isPrimaryKey>false</isPrimaryKey>
</DataTypeDescriptor>
<autoincStart>0</autoincStart>
<autoincInc>false</autoincInc>
<autoincValue>0</autoincValue>
<Unique>false</Unique>
</columnDescriptor>
<columnDescriptor>
<columnName>iin</columnName>
<columnPosition>5</columnPosition>
<DataTypeDescriptor>
<typeId>113</typeId>
<precision>-1</precision>
<scale>8</scale>
<isNullable>true</isNullable>
<isPrimaryKey>false</isPrimaryKey>
</DataTypeDescriptor>
<autoincStart>0</autoincStart>
<autoincInc>true</autoincInc>
<autoincValue>0</autoincValue>
<Unique>false</Unique>
</columnDescriptor>
<columnDescriptor>
<columnName>rrea</columnName>
<columnPosition>6</columnPosition>
<DataTypeDescriptor>
<typeId>160</typeId>
<precision>-1</precision>
<scale>-1</scale>
<isNullable>true</isNullable>
<isPrimaryKey>false</isPrimaryKey>
</DataTypeDescriptor>
<autoincStart>0</autoincStart>
<autoincInc>false</autoincInc>
<autoincValue>0</autoincValue>
<comment>"it is a test"</comment>
<Unique>false</Unique>
</columnDescriptor>
<columnDescriptor>
<columnName>bi</columnName>
<columnPosition>7</columnPosition>
<DataTypeDescriptor>
<typeId>362</typeId>
<precision>-1</precision>
<scale>7</scale>
<isNullable>true</isNullable>
<isPrimaryKey>false</isPrimaryKey>
</DataTypeDescriptor>
<autoincStart>0</autoincStart>
<autoincInc>false</autoincInc>
<autoincValue>0</autoincValue>
<Unique>false</Unique>
</columnDescriptor>
<columnDescriptor>
<columnName>numric</columnName>
<columnPosition>8</columnPosition>
<DataTypeDescriptor>
<typeId>139</typeId>
<precision>1</precision>
<scale>3</scale>
<isNullable>true</isNullable>
<isPrimaryKey>false</isPrimaryKey>
</DataTypeDescriptor>
<autoincStart>0</autoincStart>
<autoincInc>false</autoincInc>
<autoincValue>0</autoincValue>
<Unique>false</Unique>
</columnDescriptor>
</columnDescriptorList>
</table>
