<?xml version="1.0" encoding="GBK"?>
<table name="tt">
<tableName>tt</tableName>
<schema>0</schema>
<lockGranularity>R</lockGranularity>
<primaryKey>
<primaryColumnName>tablename</primaryColumnName>
</primaryKey>
<columnDescriptorList>
<columnDescriptor>
<columnName>primary_key</columnName>
<columnPosition>0</columnPosition>
<DataTypeDescriptor>
<typeId>322</typeId>
<precision>-1</precision>
<scale>-1</scale>
<isNullable>false</isNullable>
<isPrimaryKey>false</isPrimaryKey>
</DataTypeDescriptor>
<autoincStart>0</autoincStart>
<autoincInc>false</autoincInc>
<autoincValue>0</autoincValue>
<Unique>false</Unique>
</columnDescriptor>
<columnDescriptor>
<columnName>tablename</columnName>
<columnPosition>1</columnPosition>
<DataTypeDescriptor>
<typeId>210</typeId>
<precision>-1</precision>
<scale>-1</scale>
<isNullable>false</isNullable>
<isPrimaryKey>true</isPrimaryKey>
</DataTypeDescriptor>
<autoincStart>0</autoincStart>
<autoincInc>false</autoincInc>
<autoincValue>0</autoincValue>
<Unique>true</Unique>
</columnDescriptor>
</columnDescriptorList>
</table>
