<?xml version="1.0" encoding="GBK"?>
<table name="ttext">
<tableName>ttext</tableName>
<schema>0</schema>
<lockGranularity>R</lockGranularity>
<primaryKey>
<primaryColumnName>id</primaryColumnName>
</primaryKey>
<columnDescriptorList>
<columnDescriptor>
<columnName>primary_key</columnName>
<columnPosition>0</columnPosition>
<DataTypeDescriptor>
<typeId>322</typeId>
<precision>-1</precision>
<scale>-1</scale>
<isNullable>false</isNullable>
<isPrimaryKey>false</isPrimaryKey>
</DataTypeDescriptor>
<autoincStart>0</autoincStart>
<autoincInc>false</autoincInc>
<autoincValue>0</autoincValue>
<Unique>true</Unique>
</columnDescriptor>
<columnDescriptor>
<columnName>id</columnName>
<columnPosition>1</columnPosition>
<DataTypeDescriptor>
<typeId>113</typeId>
<precision>-1</precision>
<scale>-1</scale>
<isNullable>true</isNullable>
<isPrimaryKey>true</isPrimaryKey>
</DataTypeDescriptor>
<autoincStart>0</autoincStart>
<autoincInc>false</autoincInc>
<autoincValue>0</autoincValue>
<Unique>false</Unique>
</columnDescriptor>
<columnDescriptor>
<columnName>vvar</columnName>
<columnPosition>2</columnPosition>
<DataTypeDescriptor>
<typeId>210</typeId>
<precision>-1</precision>
<scale>255</scale>
<isNullable>true</isNullable>
<isPrimaryKey>false</isPrimaryKey>
</DataTypeDescriptor>
<autoincStart>0</autoincStart>
<autoincInc>false</autoincInc>
<autoincValue>0</autoincValue>
<Unique>false</Unique>
</columnDescriptor>
<columnDescriptor>
<columnName>cchar</columnName>
<columnPosition>3</columnPosition>
<DataTypeDescriptor>
<typeId>35</typeId>
<precision>-1</precision>
<scale>255</scale>
<isNullable>true</isNullable>
<isPrimaryKey>false</isPrimaryKey>
</DataTypeDescriptor>
<autoincStart>0</autoincStart>
<autoincInc>false</autoincInc>
<autoincValue>0</autoincValue>
<Unique>false</Unique>
</columnDescriptor>
</columnDescriptorList>
</table>
